번호,종목,시장,시총 근거,코스피100/코스닥50 판정,상승 확인일,당시 상황,근거 출처,신뢰도
1,삼양식품,코스피,시총 약 9.8조(9/20),포함(확실),2026-07-28,서킷브레이커 폭락일 식품주 방어 강세(상승폭은 기사별 상이),미디어워치 7/28·한국경제 7/29,중간
2,셀트리온,코스피,시총 상위주 목록 포함,포함,2026-07-29,시총 상위주 중 유일하게 상승(+1.75% 장중 오후),서울데이터랩 7/29,높음
3,두산,코스피,시총 22.15조(통합 35위·9/18),포함(확실),2026-07-29,+5.14%(마감 상승종목 30選),EBN 7/29,중간
4,파마리서치,코스닥,시총 3조대(통합 142위)·8월 코스닥 10위권,포함,2026-07-29,코스닥 시총 상위주 약세 속 강세(마감 +4.13%는 미확인),서울데이터랩 7/29,높음
5,파마리서치(재등장),코스닥,동일,포함,2026-08-24,+3.25%(413500원) 외국인 -3.67조 날,서울데이터랩 8/24,높음
6,에코프로,코스닥,코스닥 시총 최상위,포함(확실),2026-07-30,저점권 장중 약세 속 '에코프로 형제만 강세',서울데이터랩 7/30,높음
7,에코프로비엠,코스닥,코스닥 시총 최상위,포함(확실),2026-07-30,저점권 장중 강세(에코프로와 함께),서울데이터랩 7/30,높음
8,에코프로비엠(재등장),코스닥,동일,포함(확실),2026-08-24,+9% 급등(2차전지 강세),서울데이터랩 8/24,높음
9,알테오젠,코스닥,코스닥 시총 1위,포함(확실),2026-08-19,+3.02%(307000원) 외국인 -3.47조 날,서울데이터랩 8/19,높음
10,ISC,코스닥,시총 상위주 기사 포함(순위 미확인),포함 추정,2026-08-19,반도체 장비주 급등(외국인 선호),서울데이터랩 8/19,중간
11,HPSP,코스닥,시총 상위주 기사 포함(순위 미확인),포함 추정,2026-08-19,반도체 장비주 급등,서울데이터랩 8/19,중간
12,이오테크닉스,코스닥,시총 상위주 기사 포함(순위 미확인),포함 추정,2026-08-19,반도체 장비주 강세,서울데이터랩 8/19,중간
13,현대무벡스,코스닥,시총 상위주 기사 포함(순위 미확인),포함 추정,2026-07-29,코스닥 시총 상위주 약세 속 강세,서울데이터랩 7/29,중간
14,HLB,코스닥,시총 5.29조·코스닥 10위,포함(확실),2026-09-28,상한가 +29.95%(39700원) 코스피 -2.70% 날,서울신문 9/28,높음
15,에코프로비엠(재재등장),코스닥,동일,포함(확실),2026-09-28,+6.00%(111300원),서울신문 9/28,높음
16,에코프로(재등장),코스닥,동일,포함(확실),2026-09-28,+2.25%(81900원),서울신문 9/28,높음
17,알테오젠(재등장),코스닥,동일,포함(확실),2026-09-28,+1.00%(252500원),서울신문 9/28,높음
18,LG에너지솔루션,코스피,시총 상위주,포함,2026-09-28,시총 상위주 중 상승 유지,서울데이터랩 9/28,중간(폭 미확인)
19,삼성SDI,코스피,시총 상위주(통합 18위),포함,2026-09-28,상승 유지,서울데이터랩 9/28,중간(폭 미확인)
20,현대차,코스피,시총 상위주,포함,2026-09-28,상승 유지,서울데이터랩 9/28,중간(폭 미확인)
21,기아,코스피,시총 상위주(16위),포함,2026-09-28,상승 유지,서울데이터랩 9/28,중간(폭 미확인)
22,KB금융,코스피,시총 상위주,포함,2026-09-28,상승 유지,서울데이터랩 9/28,중간(폭 미확인)
23,신한지주,코스피,시총 상위주(14위),포함,2026-09-28,상승 유지,서울데이터랩 9/28,중간(폭 미확인)
