코스피,,,,,,,,,,,,,코스닥,,,,,,,,,,,
,,,,,,,,,,,,,,,,,,,,,,,,
날짜,개인,외국인,기관계,금융투자,보험,투신(사모),은행,기타금융기관,연기금등,기타법인,상승률,,날짜,개인,외국인,기관계,금융투자,보험,투신(사모),은행,기타금융기관,연기금등,기타법인,상승률
2026. 10. 02.,"-17,335억","-1,281억","3,788억","4,086억",-58억,-980억,12억,156억,572억,"14,828억",,,2026. 10. 02.,822억,"-1,743억",939억,870억,34억,23억,-27억,-4억,43억,-18억,
2026. 10. 01.,"-14,102억","-5,558억","3,239억","1,031억",380억,"1,409억",16억,170억,233억,"16,422억",,,2026. 10. 01.,"-7,770억","2,280억","5,684억","3,249억",175억,"2,154억",-86억,-538억,731억,-195억,
2026. 09. 30.,"12,109억","-20,646억","-7,993억","-8,108억",16억,135억,3억,144억,-183억,"16,529억",,,2026. 09. 30.,188억,-713억,482억,-98억,58억,530억,-61억,-61억,115억,43억,
2026. 09. 29.,"12,447억","-29,922억","1,041억",179억,-153억,"1,238억",-24억,159억,-358억,"16,434억",,,2026. 09. 29.,"1,469억","-1,305억",66억,-595억,41억,200억,-98억,-68억,587억,-230억,
2026. 09. 28.,"26,467억","-32,682억","-10,169억","-1,403억",-312억,"-6,759억",-23억,149억,"-1,821억","16,384억",,,2026. 09. 28.,223억,469억,-747억,-740억,-22억,26억,-20억,-12억,21억,56억,
2026. 09. 23.,"-14,649억","-4,942억","3,189억","3,778억",77억,"-1,378억",-2억,135억,579억,"16,403억",,,2026. 09. 23.,275억,-462억,76억,-668억,44억,674억,-42억,-31억,99억,111억,
2026. 09. 22.,"-15,643억",494억,"-1,295억","2,030억",42억,"-1,008억",42억,187억,"-2,589억","16,443억",,,2026. 09. 22.,"1,548억",-545억,-953억,-485억,75억,-650억,-124억,-21억,251억,-50억,
2026. 09. 21.,"-31,850억",117억,"15,162억","12,694억",-49억,"2,913억",27억,205억,-630억,"16,572억",,,2026. 09. 21.,"1,416억",-995억,-285억,-255억,-13억,102억,-4억,-108억,-6억,-136억,
2026. 09. 18.,"-36,359억","4,486억","15,322억","12,193억",-190억,"2,072억",61억,218억,966억,"16,551억",,,2026. 09. 18.,162억,-511억,250억,-173억,36억,288억,-12억,-2억,113억,99억,
2026. 09. 17.,"3,020억","-22,546억","2,480억","4,039억",-301억,"-1,075억",12억,287억,-482억,"17,046억",,,2026. 09. 17.,-250억,-329억,455억,178억,8억,325억,-35억,2억,-23억,125억,
2026. 09. 16.,"-12,061억","-16,726억","12,251억","7,742억",171억,"2,470억",-63억,197억,"1,734억","16,536억",,,2026. 09. 16.,62억,-272억,222억,156억,16억,83억,-15억,-3억,-15억,-12억,
2026. 09. 15.,"8,596억","-15,458억","-9,585억","-6,605억",101억,"-3,510억",113억,204억,114억,"16,447억",,,2026. 09. 15.,"-1,478억",272억,"1,149억",625억,14억,401억,-27억,69억,68억,58억,
2026. 09. 14.,"30,351억","-33,363억","-11,869억","-5,524억",259억,"-6,105억",9억,195억,-703억,"14,880억",,,2026. 09. 14.,"1,029억",-923억,-238억,-729억,-10억,313억,-4억,8억,184억,132억,
2026. 09. 11.,"18,675억","-22,984억","-12,184억","-10,345억",-17억,"-4,703억",7억,216억,"2,659억","16,493억",,,2026. 09. 11.,"5,120억","-3,123억","-2,159억",-867억,-44억,"-1,334억",-8억,2억,92억,161억,
2026. 09. 10.,"3,802억","-26,217억","5,744억","11,628억",155억,"-4,803억",24억,184억,"-1,444억","16,671억",,,2026. 09. 10.,"-2,698억","-11,253억","13,996억","1,340억",-96억,"12,724억",-21억,-29억,79억,-44억,
2026. 09. 09.,"-22,879억","-4,348억","9,422억","7,347억",78억,"2,463억",-112억,58억,-411억,"17,804억",,,2026. 09. 09.,"-2,548억","2,646억",-190억,192억,-12억,-317억,-39억,-71억,56억,92억,
2026. 09. 08.,"-30,329억","6,316억","6,427억","7,643억",-613억,"1,406억",154억,206억,"-2,370억","17,586억",,,2026. 09. 08.,479억,"1,583억","-2,135억",-779억,-51억,"-1,287억",-81억,-35억,98억,72억,
2026. 09. 07.,"-68,374억","25,532억","26,491억","22,185억",157억,"3,860억",60억,133억,96억,"16,352억",,,2026. 09. 07.,"1,896억",-717억,"-1,292억",-938억,-3억,-159억,-14억,-133억,-45억,114억,
2026. 09. 04.,"-37,229억","4,796억","16,694억","11,870억",359억,"3,370억",27억,220억,846억,"15,739억",,,2026. 09. 04.,"-4,125억","2,599억","1,609억",173억,14억,"1,295억",6억,-61억,183억,-83억,
2026. 09. 03.,"-9,552억",414억,"9,143억","10,281억",202억,"-1,077억",18억,163억,-444억,-6억,,,2026. 09. 03.,"2,950억","-1,082억","-1,838억",-998억,-21억,-586억,-9억,-5억,-218억,-30억,
2026. 09. 02.,"23,029억","-19,173억","-20,361억","-14,238억",133억,"-5,161억",-12억,153억,"-1,236억","16,505억",,,2026. 09. 02.,"1,727억",618억,"-2,322억","-1,522억",26억,-884억,0억,9억,50억,-24억,
2026. 09. 01.,"-5,402억","-4,968억","-6,286억","-6,344억",-231억,238억,24억,174억,-147억,"16,656억",,,2026. 09. 01.,"4,389억","-1,531억","-2,787억","-2,265억",-20억,-286억,-15억,-1억,-200억,-71억,
2026. 08. 31.,"-1,464억","-6,434억","-7,891억","-2,435억",167억,"-5,495억",12억,217억,-357억,"15,790억",,,2026. 08. 31.,"2,530억",-552억,"-2,005억","-1,857억",10억,144억,-10억,2억,-294억,26억,
2026. 08. 28.,"4,194억","-8,525억","-11,876억","-2,874억",244억,"-9,224억",5억,202억,-229억,"16,206억",,,2026. 08. 28.,979억,-942억,-30억,-189억,38억,85억,-3억,-2억,41억,-7억,
2026. 08. 27.,"-19,116억","1,333억","1,835억","4,933억",181억,"-2,063억",24억,189억,"-1,429억","15,948억",,,2026. 08. 27.,"-1,752억","2,955억","-1,192억",618억,35억,187억,-49억,"-2,110억",127억,-11억,
2026. 08. 26.,"-22,461억","-1,148억","7,615억","6,857억",75억,849억,1억,173억,-339억,"15,994억",,,2026. 08. 26.,"1,931억",-918억,"-1,054억","-1,176억",2억,-8억,-40억,6억,161억,41억,
2026. 08. 25.,"10,509억","-38,140억","11,711억","10,709억",57억,625억,-147억,232억,234억,"15,920억",,,2026. 08. 25.,"-1,375억","1,327억",156억,138억,0억,73억,-37억,-3억,-16억,-109억,
2026. 08. 24.,"33,217억","-36,691억","-12,901억","-4,039억",-184억,"-8,894억",3억,169억,44억,"16,375억",,,2026. 08. 24.,"-2,604억","2,416억",249억,178억,22억,78억,-80억,-141억,193억,-61억,
2026. 08. 21.,"-11,652억","-1,760억","2,481억","1,119억",-109억,840억,-54억,221억,464억,"10,931억",,,2026. 08. 21.,"6,236억","-2,837억","-3,462억","-1,297억",-63억,"-1,597억",-32억,-17억,-456억,63억,
2026. 08. 20.,"-22,712억","17,068억","-4,895억","-12,879억",-160억,"9,702억",35억,223억,"-1,816억","10,539억",,,2026. 08. 20.,16억,"-1,328억","1,194억",760억,53억,239억,-120억,-17억,279억,118억,
날짜,개인,외국인,기관계,금융투자,보험,투신(사모),은행,기타금융기관,연기금등,기타법인,,,날짜,개인,외국인,기관계,금융투자,보험,투신(사모),은행,기타금융기관,연기금등,기타법인,
2026. 08. 19.,"46,357억","-34,726억","-13,390억","-9,753억",667억,"-5,105억",-116억,187억,731억,"1,759억",,,2026. 08. 19.,-664억,147억,500억,501억,32억,16억,1억,-14억,-37억,17억,
2026. 08. 18.,"7,420억",914억,"-7,951억","-5,473억",-385억,"-1,218억",-99억,29억,-806억,-383억,,,2026. 08. 18.,"3,905억",366억,"-4,176억","-3,481억",-102억,-328억,-1억,-68억,-195억,-95억,
2026. 08. 14.,"-19,820억","30,387억","-10,298억","-11,634억",-142억,"1,011억",-115억,192억,391억,-269억,,,2026. 08. 14.,"3,145억",-659억,"-2,524억","-2,123억",-103억,-216억,0억,-1억,-82억,38억,
2026. 08. 13.,"-27,410억","21,102억","6,834억",20억,-76억,"7,385억",-21억,166억,-641억,-526억,,,2026. 08. 13.,"2,565억","-1,362억","-1,132억",142억,-99억,-939억,-5억,-39억,-193억,-71억,
2026. 08. 12.,"-31,911억","28,354억","5,279억","2,535억",215억,"2,642억",-25억,193억,-281억,"-1,722억",,,2026. 08. 12.,"3,127억","-1,623억","-1,459억",-517억,-49억,-684억,1억,-21억,-188억,-46억,
2026. 08. 11.,-708억,535억,212억,"-2,089억",-65억,"2,717억",-76억,151억,-426억,-40억,,,2026. 08. 11.,"4,351억","-3,562억",-954억,"-1,377억",28억,351억,-9억,-7억,59억,165억,
2026. 08. 10.,"9,003억","-14,909억","5,692억","6,197억",692억,124억,-26억,154억,"-1,449억",215억,,,2026. 08. 10.,"-6,729억","1,027억","5,667억","2,988억",173억,"1,690억",13억,-20억,823억,35억,
2026. 08. 07.,"2,675억","-8,651억","5,854억","6,401억",526억,-25억,-36억,153억,"-1,166억",122억,,,2026. 08. 07.,"3,402억","-2,522억","-1,044억","-1,433억",44억,353억,1억,-3억,-6억,165억,
2026. 08. 06.,"33,367억","-32,893억","-1,214억","6,787억",480억,"-9,049억",-78억,175억,471억,740억,,,2026. 08. 06.,863억,"-2,481억","1,615억","1,323억",32억,244억,1억,-26억,40억,4억,
2026. 08. 05.,"-11,844억","14,464억","-2,838억","1,357억",-105억,"-4,093억",20억,252억,-268억,218억,,,2026. 08. 05.,"3,941억","-2,979억","-1,101억","-1,645억",35억,628억,4억,-38억,-84억,138억,
2026. 08. 04.,"8,187억","-3,716억","-5,385억","-1,584억",574억,"-4,948억",-120억,227억,466억,914억,,,2026. 08. 04.,"-2,587억","-2,775억","5,438억","3,332억",109억,"1,531억",2억,4억,460억,-76억,
2026. 08. 03.,"46,523억","-28,220억","-19,516억","-15,601억",588억,"-4,713억",94억,320억,-204억,"1,213억",,,2026. 08. 03.,302억,"-2,092억","1,669억",136억,78억,"1,309억",12억,-3억,138억,121억,
2026. 07. 31.,"-82,840억","72,410억","11,503억","-6,663억","-1,071억","17,194억",-35억,431억,"1,647억","-1,073억",,,2026. 07. 31.,"-4,715억","1,697억","2,985억",678억,69억,"1,495억",0억,4억,738억,33억,
2026. 07. 30.,"-14,309억","13,280억",805억,"-2,713억","1,053억","-1,371억",-164억,199억,"3,802억",224억,,,2026. 07. 30.,"-1,108억","2,483억","-1,435억",-456억,-68억,-452억,-3억,-17억,-439억,60억,
2026. 07. 29.,"-19,701억","-12,502억","31,769억","18,563억","1,260억","8,639억",-126억,53억,"3,381억",434억,,,2026. 07. 29.,"-4,579억","3,082억","1,474억","1,952억",-36억,-7억,-3억,-21억,-411억,23억,
2026. 07. 28.,"43,152억","-45,009억","1,830억","6,947억",213억,"-6,301억",-184억,-10억,"1,165억",26억,,,2026. 07. 28.,480억,860억,"-1,345억",99억,-82억,"-1,078억",2억,-6억,-280억,5억,
2026. 07. 27.,"19,788억","-28,811억","8,595억","4,691억",614억,"4,089억",-70억,-5억,-724억,427억,,,2026. 07. 27.,"-1,550억","-1,422억","2,731억","2,124억",20억,438억,0억,-22억,172억,241억,
2026. 07. 24.,"51,782억","-32,683억","-19,514억","-8,740억","-1,753억","-9,393억",12억,33억,326억,416억,,,2026. 07. 24.,"4,881억","-1,315억","-3,580억","-1,523억",-167억,"-1,015억",-5억,-71억,-799억,14억,
2026. 07. 23.,"-22,077억","21,359억",976억,"-10,139억",261억,"10,118억",43억,-49억,741억,-257억,,,2026. 07. 23.,"-2,373억","1,675억",643억,"1,416억",-39억,-630억,0억,-4억,-100억,55억,
2026. 07. 22.,"-12,176억","26,211억","-13,963억","-9,758억",162억,"-3,670억",-3억,12억,-706억,-72억,,,2026. 07. 22.,"2,636억",-815억,"-1,914억","-1,644억",-21억,-524억,-1억,-33억,308억,93억,
2026. 07. 21.,"-16,421억","2,952억","13,744억","8,891억","1,157억","3,158억",4억,-66억,600억,-275억,,,2026. 07. 21.,"1,474억","-1,360억",-129억,-115억,29억,123억,0억,-43억,-123억,14억,
2026. 07. 20.,"3,490억","5,198억","-9,235억","-4,931억",584억,"-5,576억",-7억,-48억,743억,547억,,,2026. 07. 20.,"1,907억",-518억,"-1,330억",-573억,-42억,-379억,-7억,-22억,-307억,-59억,
2026. 07. 16.,"36,647억","-13,665억","-23,831억","-15,258억",-545억,"-8,648억",6억,24억,592억,849억,,,2026. 07. 16.,"4,184억","-2,919억","-1,553억","-1,123억",-72억,86억,-2억,-26억,-416억,287억,
2026. 07. 15.,"-24,666억","23,031억","1,992억","-8,431억",-421억,"10,538억",39억,62억,205억,-357억,,,2026. 07. 15.,"-1,542억",231억,"1,086억",-884억,74억,"1,817억",-4억,-14억,97억,226억,
2026. 07. 14.,"-41,411억","9,565억","32,117억","18,926억","1,508억","11,264억",-344억,-106억,868억,-271억,,,2026. 07. 14.,698억,"-2,471억","1,587억",245억,-43억,"1,436억",-32억,-11억,-9억,186억,
2026. 07. 13.,"38,869억","-16,705억","-22,338억",-328억,67억,"-21,361억",-562억,508억,-662억,175억,,,2026. 07. 13.,"1,833억","-3,878억","1,843억",-910억,30억,"2,828억",0억,2억,-107억,203억,
2026. 07. 10.,"-7,805억","-3,228억","11,314억","11,349억",579억,"-1,498억",69억,460억,355억,-282억,,,2026. 07. 10.,"-4,213억","-1,563억","5,825억","1,845억",68억,"3,501억",5억,-11억,416억,-49억,
2026. 07. 09.,"-13,278억","1,343억","12,885억","2,822억",950억,"7,921억",1억,454억,736억,-950억,,,2026. 07. 09.,"-3,217억",221억,"3,081억","1,488억",83억,"1,218억",-3억,11억,284억,-86억,
2026. 07. 08.,-358억,"3,437억","-3,552억","1,605억",477억,"-5,050억",-56억,423억,-950억,473억,,,2026. 07. 08.,"-1,959억","3,376억","-1,453억",-87억,-70억,-999억,0억,-9억,-288억,36억,
2026. 07. 07.,"31,359억","-29,172억","-3,108억","4,356억",437억,"-8,590억",-57억,462억,285억,921억,,,2026. 07. 07.,"-3,616억","3,742억",-100억,"1,454억",-23억,"-1,477억",0억,-11억,-43억,-27억,
날짜,개인,외국인,기관계,금융투자,보험,투신(사모),은행,기타금융기관,연기금등,기타법인,,,날짜,개인,외국인,기관계,금융투자,보험,투신(사모),은행,기타금융기관,연기금등,기타법인,
2026. 07. 06.,"26,829억","-13,144억","-14,618억","-14,299억",-129억,-516억,126억,538억,-338억,933억,,,2026. 07. 06.,"2,591억",-447억,"-2,244억",-603억,-145억,-804억,-5억,-73억,-615억,100억,
2026. 07. 03.,"-22,942억","-21,750억","44,079억","30,153억","1,040억","11,761억",149억,413억,563억,614억,,,2026. 07. 03.,"1,075억",-202억,"-1,037억",-345억,-98억,-323억,7억,-1억,-277억,164억,
2026. 07. 02.,"62,413억","-43,706억","-20,825억","-3,928억",556억,"-17,424억",9억,457억,-495억,"2,118억",,,2026. 07. 02.,"4,859억","-1,942억","-3,091억","1,680억",-40억,"-3,905억",4억,-1억,-829억,173억,
2026. 07. 01.,"17,370억","-17,028억",-700억,-983억,482억,"1,457억",49억,472억,"-2,177억",359억,,,2026. 07. 01.,"-1,082억","2,472억","-1,255억","1,537억",49억,"-3,331억",2억,-12억,498억,-134억,
2026. 06. 30.,"8,401억","-37,992억","29,332억","16,121억",925억,"12,623억",14억,43억,-394억,259억,,,2026. 06. 30.,"3,909억","-2,464억","-1,428억","1,559억",74억,"-3,348억",-5억,-39억,330억,-17억,
2026. 06. 29.,"45,975억","-77,332억","29,327억","30,270억",40억,"-1,419억",-112억,-33억,581억,"2,030억",,,2026. 06. 29.,"-5,272억",266억,"5,043억","5,305억",52억,-861억,-2억,-13억,562억,-37억,
2026. 06. 26.,"81,919억","-42,906억","-41,224억","-19,935억",-302억,"-20,491억",-11억,-3억,-482억,"2,211억",,,2026. 06. 26.,"-6,688억","3,510억","3,084억","3,049억",16억,-244억,-3억,-65억,331억,95억,
2026. 06. 25.,"-24,136억","-8,754억","33,244억","24,024억","-1,082억","10,293억",62억,-29억,-25억,-354억,,,2026. 06. 25.,"1,452억",212억,"-1,707억","-1,713억",11억,-155억,-1억,-2억,153억,43억,
2026. 06. 24.,"26,312억","-46,546억","19,095억","17,479억",-103억,"1,524억",27억,37억,131억,"1,138억",,,2026. 06. 24.,"-3,184억",-321억,"3,363억","2,777억",8억,292억,3억,6억,277억,141억,
2026. 06. 23.,"85,910억","-42,047억","-44,760억","-20,908억","-1,018억","-19,662억",-165억,-69억,"-2,937억",898억,,,2026. 06. 23.,"-3,979억","2,746억","1,329억","3,423억",-28억,"-1,940억",-7억,-13억,-107억,-96억,
2026. 06. 22.,"21,506억","-25,466억","3,034억","4,859억",-860억,"1,038억",-19억,-150억,"-1,834억",926억,,,2026. 06. 22.,"-4,634억","3,152억","1,456억","1,434억",3억,-246억,3억,-68억,330억,26억,
2026. 06. 19.,"16,478억","-3,555억","-12,244억","-1,994억","-2,537억","-2,489억",42억,1억,"-5,267억",-679억,,,2026. 06. 19.,750억,"4,977억","-5,838억","-2,801억",-161억,"-2,744억",-6억,-2억,-125억,112억,
2026. 06. 18.,"-4,156억","12,776억","-7,682억","1,577억","-1,530억","-3,851억",80억,-37억,"-3,921억",-938억,,,2026. 06. 18.,"3,842억","-1,235억","-2,659억","-2,138억",-115억,-372억,-8억,-60억,34억,52억,
2026. 06. 17.,"5,254억","-9,952억","5,957억","5,194억",-647억,"3,099억",-87억,73억,"-1,676억","-1,259억",,,2026. 06. 17.,-335억,400억,-101억,"1,330억",32억,"-1,741억",3억,-36억,311억,36억,
2026. 06. 16.,"-21,841억","15,353억","7,076억","2,129억",-335억,"5,928억",47억,-355억,-338억,-588억,,,2026. 06. 16.,"7,907억","-3,095억","-4,630억","-2,087억",-41억,"-2,353억",1억,-40억,-110억,-183억,
2026. 06. 15.,"-15,124억","10,774억","4,462억","7,120억",-575억,"-2,519억",14억,172억,250억,-112억,,,2026. 06. 15.,"6,162억","-8,164억","2,166억",725억,-92억,"1,853억",1억,-15억,-306억,-164억,
2026. 06. 12.,"-43,174억","22,041억","22,870억","16,534억",-580억,"10,141억",114억,-91억,"-3,248억","-1,736억",,,2026. 06. 12.,"-9,416억","2,769억","6,315억","-7,010억",91억,"12,612억",3억,-29억,648억,332억,
2026. 06. 11.,"20,803억","-14,640억","-7,561억","-14,328억","1,039억","6,907억",-17억,-38억,"-1,125억","1,399억",,,2026. 06. 11.,"-3,634억","-3,601억","7,149억","6,212억",202억,-143억,15억,-16억,878억,86억,
2026. 06. 10.,"48,643억","-27,754억","-22,665억","-14,247억",520억,"-6,362억",47억,19억,"-2,642억","1,776억",,,2026. 06. 10.,"1,167억","1,420억","-1,125억","-1,075억",43억,199억,18억,-114억,-196억,"-1,462억",
2026. 06. 09.,"-6,167억","-20,064억","25,048억","18,795억",-883억,"7,161억",178억,30억,-233억,"1,183억",,,2026. 06. 09.,"-5,112억","3,126억","1,996억",293억,35억,"1,403억",-3억,3억,266억,-9억,
2026. 06. 08.,"17,628억","-2,644억","-17,164억","-14,373억",156억,"-3,359억",-210억,137억,485억,"2,181억",,,2026. 06. 08.,"-1,245억","2,976억","-1,466억",759억,-113억,"-1,357억",-24억,-190억,-541억,-265억,
2026. 06. 05.,"42,240억","-27,638억","-13,809억","-9,410억",-64억,"-3,689억",-124억,86억,-607억,-793억,,,2026. 06. 05.,337억,"-1,878억","1,508억",-324억,37억,"1,529억",-3억,-43억,311억,33억,
2026. 06. 04.,"50,135억","-66,663억","15,255억","14,443억",-451억,"1,645억",-26억,136억,-492억,"1,273억",,,2026. 06. 04.,"-1,633억",-424억,"2,066억",562억,46억,"1,293억",9억,-42억,199억,-9억,
2026. 06. 02.,"63,537억","-63,035억",-546억,"3,408억",-696억,"-3,986억",-21억,42억,707억,44억,,,2026. 06. 02.,"-4,090억","3,401억","1,327억","2,445억",-70억,-551억,-3억,-15억,-479억,-637억,
2026. 06. 01.,"3,862억","-28,219억","24,427억","26,892억","-2,597억",612억,-113억,-61억,-305억,-70억,,,2026. 06. 01.,"-4,916억","8,064억","-2,912억","1,104억",-335억,"-2,787억",-6억,-35억,-853억,-236억,
2026. 05. 29.,"-14,054억","-10,421억","23,688억","19,139억",-409억,"4,102억",-7억,-46억,909억,787억,,,2026. 05. 29.,"3,094억",115억,"-3,140억",-882억,-232억,"-1,427억",-5억,-180억,-415억,-69억,
2026. 05. 28.,"36,146억","-27,414억","-10,422억","-3,532억",-212억,"-6,343억",-79억,19억,-275억,"1,690억",,,2026. 05. 28.,381억,"3,821억","-4,011억","-1,905억",-22억,"-1,775억",-10억,-25억,-275억,-192억,
2026. 05. 27.,"4,064억","-2,493억",-126억,"11,199억","-3,055억","-3,987억",-204억,-149억,"-3,930억","-1,446억",,,2026. 05. 27.,"6,315억",-847억,"-5,411억","-4,915억",-103억,-632억,-2억,-132억,373억,-57억,
2026. 05. 26.,"-5,745억","-1,321억","8,168억","1,708억","-1,958억","9,984억",-308억,-97억,"-1,162억","-1,102억",,,2026. 05. 26.,"2,306억","-1,031억",-256억,-758억,-62억,533억,2억,-125억,153억,"-1,018억",
2026. 05. 22.,"10,655억","-19,221억","7,583억","7,815억",-635억,"1,435억",6억,123억,"-1,161억",984억,,,2026. 05. 22.,"-8,793억","5,975억","3,010억","1,006억",129억,"1,232억",18억,-234억,858억,-192억,
날짜,개인,외국인,기관계,금융투자,보험,투신(사모),은행,기타금융기관,연기금등,기타법인,,,날짜,개인,외국인,기관계,금융투자,보험,투신(사모),은행,기타금융기관,연기금등,기타법인,
2026. 05. 21.,"-26,754억","-2,212억","29,008억","26,231억",-600억,"4,452억",49억,-165억,-959억,-43억,,,2026. 05. 21.,"-2,509억","1,366억","1,391억",337억,1억,"1,253억",-5억,-135억,-60억,-248억,
2026. 05. 20.,"17,104억","-29,310억","11,070억","9,774억",68억,"2,553억",40억,150억,"-1,515억","1,135억",,,2026. 05. 20.,-580억,"2,009억","-1,367억",-317억,8억,-557억,7억,-143억,-366억,-62억,
2026. 05. 19.,"56,289억","-57,242억","1,575억","3,215억",-7억,-376억,-43억,172억,"-1,386억",-622억,,,2026. 05. 19.,"1,032억","1,307억",-659억,933억,26억,"-1,038억",-6억,-18억,-557억,"-1,680억",
2026. 05. 18.,"22,094억","-36,492억","13,904억","14,000억",-121억,158억,-251억,102억,16억,494억,,,2026. 05. 18.,-84억,"2,369억","-2,540억",-908억,-57억,-778억,-13억,-85억,-699억,255억,
2026. 05. 15.,"72,308억","-56,040억","-17,347억","-9,325억",-278억,"-6,808억",-26억,39억,-949억,"1,079억",,,2026. 05. 15.,"-1,448억","4,081억","-1,673억",-240억,-17억,-978억,-17억,-148억,-273억,-959억,
2026. 05. 14.,"18,499억","-21,450억","1,927억","12,618억","-1,750억","-6,788억",-121억,-98억,"-1,933억","1,024억",,,2026. 05. 14.,911억,"-1,349억",595억,9억,22억,747억,91억,-303억,29억,-158억,
2026. 05. 13.,"18,868억","-37,227억","16,876억","18,852억",-630억,"1,250억",67억,-300억,"-2,363억","1,482억",,,2026. 05. 13.,"5,899억","-6,016억",39억,315억,-27억,365억,4억,-86억,-532억,78억,
2026. 05. 12.,"66,818억","-56,090억","-12,138억","-6,205억","-1,420억","-2,476억",-110억,-70억,"-1,857억","1,409억",,,2026. 05. 12.,"-2,234억","5,216억","-2,584억","1,319억",2억,"-3,803억",-7억,-7억,-88억,-399억,
2026. 05. 11.,"28,669억","-28,147억",-458억,"10,028억","-3,964억","-4,006억",20억,412억,"-2,948억",-63억,,,2026. 05. 11.,847억,"1,160억","-1,630억","-2,598억",-184억,"1,090억",-4억,-77억,144억,-377억,
2026. 05. 08.,"39,707억","-52,967억","12,542억","15,166억",-826억,"-1,357억",-6억,67억,-502억,718억,,,2026. 05. 08.,"-4,694억","4,046억",803억,681억,-42억,402억,-10억,-116억,-113억,-155억,
2026. 05. 07.,"59,925억","-66,987억","8,917억","17,617억",-806억,"-8,154억",-246억,11억,494억,"-1,855억",,,2026. 05. 07.,-177억,"1,747억","-1,323억",-119억,53억,"-1,074억",-19억,-102억,-63억,-246억,
2026. 05. 06.,"-5,715억","31,085억","-22,894억","-8,284억","-5,084억","-7,843억",-118억,24억,"-1,590억","-2,476억",,,2026. 05. 06.,"6,105억",-615억,"-5,435억","-4,264억",-327억,-360억,3억,-14억,-473억,-56억,
2026. 05. 04.,"-47,936억","29,308억","20,098억","19,159억","-1,221억","2,657억",-79억,89억,-507억,"-1,470억",,,2026. 05. 04.,"-4,422억","5,548억",-729억,"-1,515억",-105억,874억,0억,-132억,148억,-397억,
2026. 04. 30.,"11,824억","-14,559억","2,838억","5,089억",-473억,"-2,219억",-32억,123억,350억,-103억,,,2026. 04. 30.,"5,532억","-2,112억","-3,045억","-1,448억",-135억,"-1,124억",-12억,-55억,-270억,-375억,
2026. 04. 29.,"1,681억","-6,071억","4,771억","1,646억",129억,"3,058억",-26억,-15억,-21억,-381억,,,2026. 04. 29.,"1,379억",-21억,-729억,369억,-119억,-427억,-35억,-61억,-456억,-630억,
2026. 04. 28.,"-1,306억","-1,843억","3,532억","6,839억","-1,227억","-1,564억",-267억,29억,-277억,-383억,,,2026. 04. 28.,"7,962억","-4,949억","-2,543억","-1,877억",-70억,-538억,-17억,-52억,11억,-471억,
2026. 04. 27.,"-19,758억","8,563억","11,349억","15,492억",-915억,"-1,395억",-145억,82억,"-1,771억",-155억,,,2026. 04. 27.,"1,418억","-1,722억",849억,415억,-84억,862억,5억,-58억,-290억,-545억,
2026. 04. 24.,"11,832억","-19,496억","8,053억","10,383억",-409억,"-1,332억",-390억,3억,-202억,-389억,,,2026. 04. 24.,"-8,990억","7,325억","1,887억",806억,85억,827억,19억,-56억,206억,-222억,
2026. 04. 23.,"4,514억",-820억,"-2,965억",177억,"-1,027억","-2,299억",-14억,1억,197억,-728억,,,2026. 04. 23.,"3,249억","-1,462억","-1,495억",-938억,-51억,-424억,-7억,-44억,-31억,-292억,
2026. 04. 22.,"11,984억","-6,762억","-4,046억","-4,102억",-270억,-720억,55억,-5억,995억,"-1,176억",,,2026. 04. 22.,"2,969억","1,621억","-3,691억","-2,273억",-131억,-509억,-12억,-71억,-695억,-898억,
2026. 04. 21.,"-19,204억","11,565억","9,181억","9,753억","-1,056억",117억,-206억,-50억,622억,"-1,541억",,,2026. 04. 21.,"4,909억","-2,830억","-1,202억",-368억,-118억,-673억,2억,-75억,30억,-877억,
2026. 04. 20.,"-3,158억","-2,338억","2,938억","5,183억",-610억,"-1,676억",33억,-72억,80억,"2,558억",,,2026. 04. 20.,"1,622억",216억,"-1,604억","-1,487억",-64억,215억,-9억,-101억,-159억,-233억,
2026. 04. 17.,"14,464억","-19,974억","1,501억","4,343억",-622억,"-1,253억",-85억,-125억,-757억,"4,009억",,,2026. 04. 17.,14억,133억,138억,-401억,-65억,542억,-5억,-56억,122억,-285억,
2026. 04. 16.,"-18,050억","4,814억","10,783억","12,460억",-447억,-772억,-7억,-153억,-299억,"2,453억",,,2026. 04. 16.,"3,605억","-2,463억",-640억,"-1,047억",54억,519억,2억,-109억,-59억,-502억,
2026. 04. 15.,"-9,400억","4,973억",368억,"8,214억","-1,459억","-5,294억",9억,14억,"-1,116억","4,059억",,,2026. 04. 15.,"-2,561억","2,209억","1,767억",153억,16억,"1,448억",5억,-74억,218억,"-1,415억",
2026. 04. 14.,"-23,919억","8,276억","12,545억","13,513억",-652억,103억,-129억,-35억,-256억,"3,098억",,,2026. 04. 14.,"1,160억",-64억,"-1,288억","-1,453억",30억,133억,4억,-147억,146억,191억,
2026. 04. 13.,"7,173억","-4,579억","-6,698억","-4,814억",-295억,-194억,208억,130억,"-1,733억","4,104억",,,2026. 04. 13.,"2,620억","-1,491억",-923억,-971억,61억,152억,-2억,-62억,-101억,-205억,
2026. 04. 10.,"-12,280억","10,641억","-2,031억",868억,-215억,"-2,196억",-218억,145억,-416억,"3,670억",,,2026. 04. 10.,-824억,-19억,931억,-734억,76억,"1,864억",-15억,-72억,-188억,-89억,
2026. 04. 09.,"2,950억","18,476억","-25,125억","5,040억",334억,368억,"-31,117억",201억,49억,"3,698억",,,2026. 04. 09.,"9,281억","-4,249억","-5,080억","-3,200억",-46억,"-1,326억",-16억,-38억,-454억,48억,
2026. 04. 08.,"-54,161억","19,089억","27,268억","29,960억",-648억,-148억,60억,126억,"-2,083억","7,805억",,,2026. 04. 08.,"-5,833억","2,397억","3,729억","3,700억",23억,251억,7억,-70억,-181억,-293억,
날짜,개인,외국인,기관계,금융투자,보험,투신(사모),은행,기타금융기관,연기금등,기타법인,,,날짜,개인,외국인,기관계,금융투자,보험,투신(사모),은행,기타금융기관,연기금등,기타법인,
2026. 04. 07.,"-3,429억","3,704억","-4,001억","-3,918억",127억,310억,33억,265억,-818억,"3,726억",,,2026. 04. 07.,-322억,"1,798억","-1,200억",420억,-43억,"-1,378억",5억,-17억,-187억,-275억,
2026. 04. 06.,"-10,502억","-1,596억","8,371억","7,597억",99억,"1,373억",-135억,288억,-850억,"3,726억",,,2026. 04. 06.,"4,266억",868억,"-3,592억","-2,117억",-107억,"-1,163억",-1억,-18억,-186억,"-1,542억",
2026. 04. 03.,"-20,952억","8,035억","7,390억","2,839억",92억,"4,960억",28억,28억,-557억,"5,527억",,,2026. 04. 03.,"4,067억","-1,966억","-2,173억","-1,510억",-55억,-334억,-9억,-25억,-241억,71억,
2026. 04. 02.,"12,097억","-1,368억","-14,517억","-16,900억",279억,"1,630억",75억,310억,91억,"3,788억",,,2026. 04. 02.,"6,157억",-863억,"-5,055억","-2,231억",-113억,"-1,511억",-2억,-157억,"-1,041억",-240억,
2026. 04. 01.,"-37,628억","-6,411억","40,419억","34,308억",-136억,"6,145억",12억,281억,-192억,"3,620억",,,2026. 04. 01.,"-9,011억","4,385억","4,609억","2,820억",45억,"1,640억",1억,-41억,144억,17억,
2026. 03. 31.,"24,400억","-38,386억","10,251억","9,477억",453억,528억,-40억,123억,-291억,"3,735억",,,2026. 03. 31.,497억,"1,188억",-687억,590억,-99억,-717억,1억,-153억,-309억,-998억,
2026. 03. 30.,"8,945억","-20,945억","8,450억","7,441억",93억,"1,674억",-80억,133억,-812억,"3,550억",,,2026. 03. 30.,"3,041억","-1,314억","-1,179억",-407억,-48억,-329억,0억,-92억,-303억,-548억,
2026. 03. 27.,"22,596억","-34,286억","7,785억","4,181억",436억,"3,236억",-10억,170억,-228억,"3,905억",,,2026. 03. 27.,"1,703억","-2,337억",507억,127억,86억,295억,-9억,-47억,55억,127억,
2026. 03. 26.,"30,598억","-29,370억","-2,999억","3,185억",76억,"-3,811억",-122억,96억,"-2,423억","1,771억",,,2026. 03. 26.,"4,846억","-2,963억","-1,337억","-1,636억",2억,412억,-9억,-235억,129억,-546억,
2026. 03. 25.,"-13,402억","-12,895억","23,230억","23,351억",-312억,-92억,2억,133억,147억,"3,067억",,,2026. 03. 25.,"-3,821억","3,732억",224억,-895억,143억,878억,-8억,-8억,113억,-136억,
2026. 03. 24.,"7,270억","-19,863억","9,683억","10,178억",-320억,-734억,-12억,136억,435억,"2,910억",,,2026. 03. 24.,"-2,113억","1,733억",158억,-123억,17억,339억,9억,-89억,5억,222억,
2026. 03. 23.,"70,029억","-36,751억","-38,173억","-30,239억",159억,"-6,649억",64억,108억,"-1,617억","4,895억",,,2026. 03. 23.,"4,647억","-2,592억","-1,998억",272억,-20억,"-2,175억",-1억,-57억,-16억,-58억,
2026. 03. 20.,"22,338억","-12,402억","-10,260억","4,566억","-14,326억","-1,182억",-8억,84억,606억,323억,,,2026. 03. 20.,"-1,171억","2,347억",-942억,229억,67억,-827억,-29억,-171억,-212억,-234억,
2026. 03. 19.,"24,116억","-18,760억","-6,649억","-6,655억",30억,417억,38억,170억,-649억,"1,294억",,,2026. 03. 19.,"5,018억","-2,004억","-2,612억","-1,812억",46억,-634억,-8억,-186억,-17억,-403억,
2026. 03. 18.,"-38,717억","8,802억","31,093억","30,984억",-452억,-612억,67억,146억,960억,"-1,178억",,,2026. 03. 18.,"-3,928억","4,924억",-253억,306억,-27억,-263억,-10억,-169억,-91억,-743억,
2026. 03. 17.,"-5,752억","-1,740억","7,341억","4,274억",-472억,"2,543억",-14억,167억,843억,152억,,,2026. 03. 17.,"1,380억",-585억,-359억,-226억,-23억,282억,-21억,-63억,-308억,-436억,
2026. 03. 16.,"7,164억","-8,485억",911억,"-1,040억",135억,"1,164억",-13억,253억,412억,411억,,,2026. 03. 16.,"7,104억","-5,012억","-1,696억","-1,131억",-13억,-67억,3억,-496억,8억,-395억,
2026. 03. 13.,"24,512억","-14,502억","-10,434억","-9,500억",13억,"-1,482억",32억,218억,285억,424억,,,2026. 03. 13.,"-1,325억",-829억,"2,526억","1,127억",88억,"1,123억",-2억,-207억,397억,-373억,
2026. 03. 12.,"22,291억","-23,831억",775억,-746억,125억,"1,812억",12억,-53억,-374억,764억,,,2026. 03. 12.,"5,064억","-6,867억","2,531억","1,870억",-18억,617억,-2억,-335억,400억,-728억,
2026. 03. 11.,"-5,086억","-2,563억","7,821억","7,254억",-269억,"1,425억",94억,211억,-893억,-173억,,,2026. 03. 11.,"2,542억",-812억,"-1,267억",-773억,-27억,-382억,0억,-210억,125억,-464억,
2026. 03. 10.,"-18,340억","10,283억","9,164억","7,448억",-447억,"1,956억",26억,275억,-93억,"-1,107억",,,2026. 03. 10.,136억,"-4,021억","4,298억","3,583억",74억,156억,-10억,-62억,557억,-414억,
2026. 03. 09.,"46,242억","-31,735억","-15,441억","-11,713억",111억,"-2,954억",-174억,310억,"-1,020억",934억,,,2026. 03. 09.,"5,065억","-5,389억",447억,"1,709억",10억,"-1,789억",-11억,-81억,609억,-123억,
2026. 03. 06.,"29,488억","-19,418억","-11,142억","-5,975억",-273억,"-3,625억",47억,432억,"-1,748억","1,072억",,,2026. 03. 06.,-800억,"-3,862억","4,761억","2,200억",269억,692억,16억,-72억,"1,656억",-99억,
2026. 03. 05.,"18,228억","-1,446억","-17,186억","-12,234억",-652억,"-2,520억",-720억,-189억,-872억,403억,,,2026. 03. 05.,"-15,514억","8,322억","7,393억","4,222억",101억,"2,517억",2억,-165억,717억,-201억,
2026. 03. 04.,796억,"2,303억","-5,978억","-5,830억",600억,209억,-223억,-7억,-727억,"2,880억",,,2026. 03. 04.,"-12,030억","11,703억",323억,846억,6억,-357억,-1억,-73억,-98억,4억,
2026. 03. 03.,"57,974억","-51,487억","-8,859억","-7,283억",425억,"-1,904억",-305억,-204억,412억,"2,372억",,,2026. 03. 03.,"-7,614억","5,934억","2,388억","1,391억",25억,726억,10억,-97억,333억,-708억,
2026. 02. 27.,"62,496억","-70,528억","5,666억","11,043억",-654억,"-2,544억",-5억,109억,"-2,283억","2,366억",,,2026. 02. 27.,"-4,724억",623억,"4,460억","3,962억",41억,387억,-1억,-58억,129억,-358억,
2026. 02. 26.,"6,498억","-21,135억","12,569억","16,371억","-2,084억",-756억,-100억,119억,-981억,"2,068억",,,2026. 02. 26.,"-5,459억","4,247억","1,901억","1,513억",-63억,370억,2억,-151억,231억,-689억,
2026. 02. 25.,"2,307억","-13,082억","14,701억","19,937억","-1,315억","-4,730억",-6억,65억,750억,"-3,926억",,,2026. 02. 25.,"3,906억","-2,159억","-1,277억",-506억,-22억,-609억,-9억,-121억,-10억,-470억,
2026. 02. 24.,"-22,861억","-2,013억","23,773억","26,669억",-466억,"-1,683억",15억,-44억,-718억,"1,102억",,,2026. 02. 24.,"2,286억","2,790억","-1,468억","-1,200억",111억,-384억,4억,-284억,285억,"-3,608억",
날짜,개인,외국인,기관계,금융투자,보험,투신(사모),은행,기타금융기관,연기금등,기타법인,,,날짜,개인,외국인,기관계,금융투자,보험,투신(사모),은행,기타금융기관,연기금등,기타법인,
2026. 02. 23.,"10,815억","-11,132억","-1,271억","5,330억","-1,600억","-2,279억",-21억,-16억,"-2,685억","1,588억",,,2026. 02. 23.,"2,179억","1,805억","-3,624억","-1,786억",-12억,"-1,489억",0억,-129억,-208억,-360억,
2026. 02. 20.,"-9,873억","-7,420억","16,149억","19,351억",-739억,-972억,3억,-72억,"-1,422억","1,143억",,,2026. 02. 20.,"2,318억","-2,073억",231억,954억,-38억,-569억,-8억,-191억,82억,-475억,
2026. 02. 19.,"-8,609억","-9,396억","16,542억","16,691억","-1,452억","1,100억",-27억,77억,154억,"1,463억",,,2026. 02. 19.,"-18,301억","8,540억","10,541억","9,354억",-168억,807억,1억,-164억,711억,-781억,
2026. 02. 13.,"7,141억","-9,220억",831억,"1,810억",-688억,-897억,-26억,69억,563억,"1,248억",,,2026. 02. 13.,"6,220억","-2,414억","-3,381억","-2,079억",-30억,-641억,-18억,-173억,-441억,-425억,
2026. 02. 12.,"-44,547억","29,954억","13,800억","10,816억",-815억,"2,718억",201억,158억,722억,793억,,,2026. 02. 12.,860억,"-1,066억",997억,"1,082억",-26억,296억,0억,-120억,-235억,-792억,
2026. 02. 11.,"-17,149억","8,461억","6,927억","5,223억",-332억,"2,188억",-2억,112억,-263억,"1,761억",,,2026. 02. 11.,-514억,191억,608억,488억,-67억,505억,-18억,-40억,-260억,-285억,
2026. 02. 10.,"-8,780억","1,474억","5,643억","7,442억",-249억,-618억,-50억,95억,-977억,"1,663억",,,2026. 02. 10.,"3,239억","-1,955억",-808억,108억,-32억,-426억,-5억,-58억,-396억,-476억,
2026. 02. 09.,"-32,947억","4,320억","27,123억","24,244억",-428억,"4,265억",-95억,0억,-863억,"1,504억",,,2026. 02. 09.,"-6,236억","2,317억","4,877억","3,812억",42억,"1,368억",-10억,-108억,-227억,-958억,
2026. 02. 06.,"21,736억","-33,233억","9,414억","5,782억",239억,"1,899억",212억,-42억,"1,323억","2,083억",,,2026. 02. 06.,"1,484억",728억,"-1,643억",60억,-111억,"-1,363억",-6억,-22억,-199억,-570억,
2026. 02. 05.,"67,791억","-50,108억","-20,693억","-18,829억",332억,"-1,419억",209억,-2억,-985억,"3,010억",,,2026. 02. 05.,"9,063억","-2,756억","-5,385억","-1,523억",-128억,"-2,396억",-1억,-293억,"-1,044억",-921억,
2026. 02. 04.,"-10,119억","-9,413억","17,836억","14,945억",-234억,"2,572억",177억,86억,290억,"1,695억",,,2026. 02. 04.,"2,399억",49억,"-1,515억",864억,-232억,"-1,343억",22억,-150억,-677억,-933억,
2026. 02. 03.,"-29,423억","7,038억","21,708억","14,513억",-139억,"5,880억",21억,474억,958억,677억,,,2026. 02. 03.,"-7,085억",-896억,"8,633억","7,994억",-94억,735억,13억,7억,-22억,-652억,
2026. 02. 02.,"45,874억","-25,168억","-22,125억","-21,755억",522억,-709억,-6억,222억,-399억,"1,419억",,,2026. 02. 02.,"2,127억","4,108억","-5,484억","-3,823억",-165억,"-1,327억",-3억,-24억,-143억,-750억,
2026. 01. 30.,"22,979억","-19,729억","-4,241억",-309억,"-1,418억","-2,185억",140억,-162억,-307억,991억,,,2026. 01. 30.,"-9,830억","-1,658억","13,351억","14,908억",-122억,"-1,614억",-25억,-103억,307억,"-1,862억",
2026. 01. 29.,"16,173억","-14,897억","-1,673억","1,569억",-714억,"-1,166억",13억,-178억,"-1,197억",397억,,,2026. 01. 29.,"-21,297억","2,163억","20,427억","20,993억",-104억,-412억,8억,-144억,87억,"-1,294억",
2026. 01. 28.,"12,131억","4,008억","-14,021억","-5,710억","-1,414억","-3,815억",80억,"-2,261억",-900억,"-2,118억",,,2026. 01. 28.,"-26,462억","4,866억","23,022억","20,610억",54억,"1,499억",-2억,-64억,924억,"-1,426억",
2026. 01. 27.,"-10,197억","8,448억","2,474억","5,695억",-706억,"-2,047억",87억,17억,-572억,-725억,,,2026. 01. 27.,"-14,540억","-1,133억","16,528억","15,050억",8억,913억,6억,-82억,633억,-855억,
2026. 01. 26.,"17,157억","-1,588억","-15,414억","-9,528억",-340억,"-3,569억",-75억,-172억,"-1,730억",-154억,,,2026. 01. 26.,"-29,138억","4,497억","26,217억","21,065억",288억,"3,635억",1억,-279억,"1,507억","-1,576억",
2026. 01. 23.,"-7,239억","1,438억","4,790억","9,290억",-189억,"-1,492억",-69억,-30억,"-2,719억","1,012억",,,2026. 01. 23.,"-10,360억","1,052억","9,735억","8,014억",33억,"1,420억",8억,-132억,392억,-428억,
2026. 01. 22.,"1,555억","-2,432억","-1,568억","3,161억","-1,922억",-790억,16억,16억,"-2,049억","2,445억",,,2026. 01. 22.,899억,833억,"-1,377억",-843억,-94억,-156억,-19억,-104억,-161억,-355억,
2026. 01. 21.,"-9,965억","4,394억","3,217억","2,946억",-230억,"1,068억",-59억,55억,-564억,"2,355억",,,2026. 01. 21.,"9,553억","-2,612억","-6,611억",69억,-303억,"-4,225억",-23억,-70억,"-2,059억",-330억,
2026. 01. 20.,"3,524억","1,232억","-6,500억","-2,089억",-367억,"-2,235억",34억,-114억,"-1,729억","1,744억",,,2026. 01. 20.,"-3,080억",240억,"2,759억","2,397억",-23억,443억,-17억,-83억,42억,80억,
2026. 01. 19.,"-7,513억","5,532억",-256억,"2,054억",-491억,-669억,32억,5억,"-1,188억","2,237억",,,2026. 01. 19.,"-1,396억","2,264억",-386억,-285억,-60억,86억,0억,-205억,78억,-483억,
2026. 01. 16.,"-9,383억","4,350억","3,083억","5,114억",-789억,-282억,-10억,-49억,-901억,"1,949억",,,2026. 01. 16.,567억,-840억,397억,695억,-51억,-473억,-1억,-50억,276억,-125억,
2026. 01. 15.,"-18,235억","3,450억","12,905억","14,577억",-281억,-965억,-59억,-55억,-312억,"1,880억",,,2026. 01. 15.,"-2,562억","3,148억",-288억,"1,040억",-80억,-596억,-6억,-344억,-301억,-299억,
2026. 01. 14.,"-4,377억","-3,760억","5,887억","6,045억",-396억,25억,-2억,66억,149억,"2,250억",,,2026. 01. 14.,"4,194억","-2,632억","-1,568억",202억,-49억,"-1,316억",-3억,-283억,-119억,6억,
2026. 01. 13.,"-7,125억","-2,793억","7,881억","7,769억",-821억,796억,104억,12억,22억,"2,037억",,,2026. 01. 13.,"3,370억","-1,811억","-1,457억",-20억,-118억,"-1,163억",-3억,-69억,-83억,-103억,
2026. 01. 12.,"-1,013억","-3,512억","2,101억","5,682억","-1,337억","-1,706억",45억,-82억,-501억,"2,425억",,,2026. 01. 12.,"1,000억",-74억,-686억,343억,-121억,-505억,3억,-197억,-208억,-240억,
2026. 01. 09.,"1,339억","-16,068억","12,046억","11,654억",-505억,239억,127억,3억,527억,"2,683억",,,2026. 01. 09.,"1,064억","-1,700억",762억,"1,375억",6억,-511억,5억,-26억,-86억,-126억,
2026. 01. 08.,"12,540억",-979억,"-14,014억","-8,547억",-463억,"-3,525억",12억,19억,"-1,510억","2,453억",,,2026. 01. 08.,673억,-915억,272억,295억,32억,-136억,-1억,-28억,111억,-31억,
날짜,개인,외국인,기관계,금융투자,보험,투신(사모),은행,기타금융기관,연기금등,기타법인,,,날짜,개인,외국인,기관계,금융투자,보험,투신(사모),은행,기타금융기관,연기금등,기타법인,
2026. 01. 07.,"-2,944억","12,548억","-9,397억","-3,594억","-1,453억","-3,499억",64억,32억,-947억,-207억,,,2026. 01. 07.,"1,833억","2,573억","-1,003억",448억,-19억,-930억,-8억,-163억,-331억,"-3,404억",
2026. 01. 06.,"5,963억","-6,184억",-664억,"1,697억",-243억,"-1,406억",66억,-54억,-724억,886억,,,2026. 01. 06.,"3,813억","-3,349억",-301억,"1,649억",-80억,"-1,628억",5억,-62억,-184억,-164억,
2026. 01. 05.,"-15,141억","21,726억","-7,046억",-508억,"-1,525억","-3,486억",85억,-47억,"-1,564억",461억,,,2026. 01. 05.,997억,"-1,120억",243억,527억,-17억,-441억,1억,-98억,271억,-120억,
2026. 01. 02.,"-4,252억","6,309억","-2,477억","-1,138억",-615억,-517억,73억,-84억,-196억,419억,,,2026. 01. 02.,"-1,825억","1,044억",845억,621억,34억,-1억,15억,-113억,289억,-63억,
2025. 12. 30.,"8,448억","-4,768억","-3,763억","-2,290억",-76억,-330억,23억,-7억,"-1,084억",83억,,,2025. 12. 30.,"5,392억","-3,266억","-1,687억","-1,066억",49억,-703억,2억,-115억,146억,-439억,
2025. 12. 29.,661억,"3,337억","-3,133억","-3,636억",-557억,704억,-7억,-16억,379억,-865억,,,2025. 12. 29.,"1,877억",854억,"-1,784억","-1,286억",5억,-353억,-2억,-385억,237억,-947억,
2025. 12. 26.,"-23,265억","17,790억","4,435억","5,293억",-243억,535억,-14억,-161억,-975억,"1,039억",,,2025. 12. 26.,"-4,596억",972억,"3,583억","2,240억",86억,328억,-8억,14억,923억,42억,
2025. 12. 24.,"-7,171억","5,225억","2,039억","2,523억",-82억,-725억,5억,-9억,327억,-93억,,,2025. 12. 24.,-89억,-358억,769억,"1,022억",-2억,-150억,-5억,-281억,184억,-322억,
2025. 12. 23.,"-12,853억","9,551억","3,527억","5,333억",-299억,"-1,127억",-20억,14억,-374억,-225억,,,2025. 12. 23.,"1,799억","-1,497억",453억,409억,-19억,-79억,0억,-210억,351억,-755억,
2025. 12. 22.,"-26,714억","11,017억","16,055억","16,221억",-231억,-131억,7억,-41억,228억,-357억,,,2025. 12. 22.,"1,062억",-332억,619억,433억,48억,273억,-6억,-327억,199억,"-1,350억",
2025. 12. 19.,"-1,413억","-7,573억","8,541억","9,642억",-468억,84억,-4억,-300억,-412억,444억,,,2025. 12. 19.,"-2,825억","1,067억","1,993억","1,186억",94억,425억,2억,-158억,445억,-236억,
2025. 12. 18.,"4,130억","-3,459억","-1,006억","1,563억",-233억,"-1,473억",-5억,-11억,-846억,336억,,,2025. 12. 18.,990억,-901억,-85억,222억,-16억,-409억,-1억,-48억,168억,-4억,
2025. 12. 17.,"-3,374억",-322억,"3,353억","3,794억",50억,-231억,29억,-4억,-287억,343억,,,2025. 12. 17.,"2,646억","-2,219억",122억,739억,-7억,-342억,-5억,-232억,-31억,-549억,
2025. 12. 16.,"12,410억","-10,305억","-2,309억","1,481억",-606억,"-3,258억",-67억,3억,137억,204억,,,2025. 12. 16.,"3,984억","-3,523억",11억,350억,-66억,-347억,0억,-109억,184억,-472억,
2025. 12. 15.,"14,210억","-9,569억","-4,803억","-3,920억",-83억,"-1,950억",-11억,-5억,"1,166억",161억,,,2025. 12. 15.,"1,813억",-185억,"-1,323억",-306억,-31억,"-1,041억",-38억,-133억,226억,-306억,
2025. 12. 12.,"-14,625억",414억,"14,184억","14,387억",-118억,-998억,15억,6억,892억,27억,,,2025. 12. 12.,"-1,505억","1,964억",319억,760억,30억,-298억,-16억,-51억,-105억,-777억,
2025. 12. 11.,"3,922억","3,656억","-7,753억","-6,882억",-233억,-359억,34억,-140억,-174억,174억,,,2025. 12. 11.,466억,514억,-342억,-279억,4억,-443억,1억,-26억,400억,-638억,
2025. 12. 10.,-889억,"3,739억","-3,003억","-1,023억",-601억,"-1,502억",-35억,1억,157억,153억,,,2025. 12. 10.,-517억,972억,-31억,-52억,92억,-72억,-3억,-171억,175억,-425억,
2025. 12. 09.,-133억,-889억,494억,-983억,-149억,714억,3억,-87억,996억,528억,,,2025. 12. 09.,"2,135억",-581억,"-1,068억",-68억,16억,-897억,0억,71억,-190억,-486억,
2025. 12. 08.,"-3,449억","3,211억",-308억,"-1,408억",-210억,"1,483억",-43억,24억,-153억,546억,,,2025. 12. 08.,"-1,515억","3,830억","-1,864억",-181억,-103억,"-1,070억",-1억,-156억,-354억,-451억,
2025. 12. 05.,"-21,156억","9,934억","11,528억","8,490억",61억,"2,818억",53억,48억,58억,-305억,,,2025. 12. 05.,"3,198억","-1,301억","-1,864억",709억,-239억,"-1,882억",13억,-52억,-414억,-33억,
2025. 12. 04.,"5,585억","-6,960억","1,318억","1,071억",-42억,-170억,-81억,18억,522억,56억,,,2025. 12. 04.,-699억,781억,809억,"1,056억",10억,-335억,-2억,-68억,149억,-891억,
2025. 12. 03.,"-8,984억","2,816억","7,364억","4,873억",144억,"1,948억",-7억,-220억,627억,"-1,196억",,,2025. 12. 03.,"1,123억",-177억,-147억,-42억,-55억,-148억,-6억,-72억,176억,-799억,
2025. 12. 02.,"-15,763억","12,147억","3,929억","2,475억",-22억,925억,-168억,11억,708억,-313억,,,2025. 12. 02.,307억,"-1,253억","1,372억",988억,-19억,258억,-5억,-107억,257억,-426억,
2025. 12. 01.,529억,"2,235억","-2,333억",-689억,-99억,-498억,-102억,18억,-962억,-431억,,,2025. 12. 01.,"-1,752억","-1,500억","3,520억","1,570억",74억,"1,297억",-6억,-53억,638억,-268억,
2025. 11. 28.,"15,685억","-20,369억","4,587억","8,392억",-384억,"-2,106억",-7억,60억,"-1,367억",97억,,,2025. 11. 28.,"-10,444억","4,885억","6,030억","2,460억",335억,"2,519억",1억,-104억,818억,-471억,
2025. 11. 27.,"-6,152억","1,546억","4,326억","3,261억",-75억,"1,107억",-34억,72억,-6억,281억,,,2025. 11. 27.,"1,582억",-868억,-425억,-57억,33억,-184억,-3억,-63억,-151억,-288억,
2025. 11. 26.,"-18,048억","5,158억","12,280억","10,376억",-34억,"1,625억",-121억,72억,362억,611억,,,2025. 11. 26.,"-2,733억","2,096억",868억,434억,43억,220억,0억,-76억,247억,-232억,
2025. 11. 25.,-276억,49억,315억,197억,102억,559억,-17억,87억,-611억,-89억,,,2025. 11. 25.,-722억,"1,107억",-27억,-22억,-4억,-140억,-5억,-192억,338억,-359억,
2025. 11. 24.,"-4,619억","-7,993억","12,719억","11,095억",-137억,"1,913억",0억,75억,-228억,-107억,,,2025. 11. 24.,635억,-393억,-308억,447억,-2억,-695억,-6억,-47억,-5억,66억,