시장,주체,날짜,순매수_억,z점수,평소대비배수,구분
코스닥,금융투자,2026-01-23,8014,2.15,8.5,대량매수
코스닥,금융투자,2026-01-26,21065,5.97,22.5,대량매수
코스닥,금융투자,2026-01-27,15050,4.21,16.0,대량매수
코스닥,금융투자,2026-01-28,20610,5.83,22.0,대량매수
코스닥,금융투자,2026-01-29,20993,5.95,22.4,대량매수
코스닥,금융투자,2026-01-30,14908,4.17,15.9,대량매수
코스닥,금융투자,2026-02-03,7994,2.15,8.5,대량매수
코스닥,금융투자,2026-02-19,9354,2.55,10.0,대량매수
코스닥,금융투자,2026-06-12,-7010,-2.24,7.5,대량매도
코스닥,기관계,2026-01-23,9735,2.19,6.7,대량매수
코스닥,기관계,2026-01-26,26217,6.09,18.0,대량매수
코스닥,기관계,2026-01-27,16528,3.79,11.3,대량매수
코스닥,기관계,2026-01-28,23022,5.33,15.8,대량매수
코스닥,기관계,2026-01-29,20427,4.72,14.0,대량매수
코스닥,기관계,2026-01-30,13351,3.04,9.2,대량매수
코스닥,기관계,2026-02-19,10541,2.38,7.2,대량매수
코스닥,기관계,2026-09-10,13996,3.19,9.6,대량매수
코스닥,연기금,2025-12-26,923,2.22,4.6,대량매수
코스닥,연기금,2026-01-21,-2059,-5.1,10.3,대량매도
코스닥,연기금,2026-01-26,1507,3.65,7.6,대량매수
코스닥,연기금,2026-01-28,924,2.22,4.6,대량매수
코스닥,연기금,2026-02-05,-1044,-2.61,5.2,대량매도
코스닥,연기금,2026-03-06,1656,4.01,8.3,대량매수
코스닥,연기금,2026-04-02,-1041,-2.61,5.2,대량매도
코스닥,연기금,2026-05-22,858,2.06,4.3,대량매수
코스닥,연기금,2026-06-01,-853,-2.14,4.3,대량매도
코스닥,연기금,2026-06-11,878,2.11,4.4,대량매수
코스닥,연기금,2026-07-02,-829,-2.08,4.2,대량매도
코스닥,연기금,2026-07-24,-799,-2.01,4.0,대량매도
코스닥,외국인,2026-02-19,8540,2.89,5.0,대량매수
코스닥,외국인,2026-03-04,11703,3.98,6.9,대량매수
코스닥,외국인,2026-03-05,8322,2.82,4.9,대량매수
코스닥,외국인,2026-03-12,-6867,-2.41,4.0,대량매도
코스닥,외국인,2026-04-24,7325,2.48,4.3,대량매수
코스닥,외국인,2026-05-13,-6016,-2.12,3.5,대량매도
코스닥,외국인,2026-05-22,5975,2.01,3.5,대량매수
코스닥,외국인,2026-06-01,8064,2.73,4.7,대량매수
코스닥,외국인,2026-06-15,-8164,-2.86,4.8,대량매도
코스닥,외국인,2026-09-10,-11253,-3.92,6.6,대량매도
코스닥,투신,2026-01-21,-4225,-2.45,7.0,대량매도
코스닥,투신,2026-01-26,3635,2.15,6.0,대량매수
코스닥,투신,2026-05-12,-3803,-2.2,6.3,대량매도
코스닥,투신,2026-06-12,12612,7.4,20.9,대량매수
코스닥,투신,2026-07-02,-3905,-2.26,6.5,대량매도
코스닥,투신,2026-07-10,3501,2.07,5.8,대량매수
코스닥,투신,2026-09-10,12724,7.47,21.1,대량매수
코스피,금융투자,2026-02-02,-21755,-2.36,3.1,대량매도
코스피,금융투자,2026-02-05,-18829,-2.09,2.7,대량매도
코스피,금융투자,2026-02-24,26669,2.12,3.8,대량매수
코스피,금융투자,2026-03-18,30984,2.52,4.4,대량매수
코스피,금융투자,2026-03-23,-30239,-3.14,4.3,대량매도
코스피,금융투자,2026-04-01,34308,2.83,4.9,대량매수
코스피,금융투자,2026-04-08,29960,2.43,4.3,대량매수
코스피,금융투자,2026-05-21,26231,2.08,3.7,대량매수
코스피,금융투자,2026-06-01,26892,2.14,3.8,대량매수
코스피,금융투자,2026-06-23,-20908,-2.28,3.0,대량매도
코스피,금융투자,2026-06-26,-19935,-2.19,2.8,대량매도
코스피,금융투자,2026-06-29,30270,2.46,4.3,대량매수
코스피,금융투자,2026-07-03,30153,2.45,4.3,대량매수
코스피,기관계,2026-03-18,31093,2.09,3.8,대량매수
코스피,기관계,2026-03-23,-38173,-2.93,4.6,대량매도
코스피,기관계,2026-04-01,40419,2.77,4.9,대량매수
코스피,기관계,2026-06-23,-44760,-3.41,5.4,대량매도
코스피,기관계,2026-06-25,33244,2.25,4.0,대량매수
코스피,기관계,2026-06-26,-41224,-3.15,5.0,대량매도
코스피,기관계,2026-07-03,44079,3.03,5.3,대량매수
코스피,기관계,2026-07-14,32117,2.16,3.9,대량매수
코스피,기관계,2026-07-29,31769,2.14,3.8,대량매수
코스피,연기금,2026-05-11,-2948,-2.2,4.7,대량매도
코스피,연기금,2026-05-27,-3930,-3.06,6.3,대량매도
코스피,연기금,2026-06-12,-3248,-2.46,5.2,대량매도
코스피,연기금,2026-06-18,-3921,-3.05,6.2,대량매도
코스피,연기금,2026-06-19,-5267,-4.22,8.4,대량매도
코스피,연기금,2026-06-23,-2937,-2.19,4.7,대량매도
코스피,연기금,2026-07-29,3381,3.33,5.4,대량매수
코스피,연기금,2026-07-30,3802,3.69,6.0,대량매수
코스피,연기금,2026-09-11,2659,2.7,4.2,대량매수
코스피,외국인,2026-02-27,-70528,-2.9,6.5,대량매도
코스피,외국인,2026-03-03,-51487,-2.01,4.7,대량매도
코스피,외국인,2026-05-07,-66987,-2.74,6.1,대량매도
코스피,외국인,2026-05-08,-52967,-2.08,4.9,대량매도
코스피,외국인,2026-05-12,-56090,-2.22,5.1,대량매도
코스피,외국인,2026-05-15,-56040,-2.22,5.1,대량매도
코스피,외국인,2026-05-19,-57242,-2.28,5.3,대량매도
코스피,외국인,2026-06-02,-63035,-2.55,5.8,대량매도
코스피,외국인,2026-06-04,-66663,-2.72,6.1,대량매도
코스피,외국인,2026-06-29,-77332,-3.23,7.1,대량매도
코스피,외국인,2026-07-31,72410,3.84,6.6,대량매수
코스피,투신,2026-05-26,9984,2.13,5.0,대량매수
코스피,투신,2026-06-12,10141,2.16,5.1,대량매수
코스피,투신,2026-06-23,-19662,-3.85,9.8,대량매도
코스피,투신,2026-06-25,10293,2.19,5.1,대량매수
코스피,투신,2026-06-26,-20491,-4.02,10.2,대량매도
코스피,투신,2026-06-30,12623,2.66,6.3,대량매수
코스피,투신,2026-07-02,-17424,-3.4,8.7,대량매도
코스피,투신,2026-07-03,11761,2.48,5.9,대량매수
코스피,투신,2026-07-13,-21361,-4.2,10.7,대량매도
코스피,투신,2026-07-14,11264,2.38,5.6,대량매수
코스피,투신,2026-07-15,10538,2.24,5.3,대량매수
코스피,투신,2026-07-23,10118,2.15,5.1,대량매수
코스피,투신,2026-07-31,17194,3.58,8.6,대량매수
코스피,투신,2026-08-20,9702,2.07,4.8,대량매수
